[
  {
    "agency": "BEAVERHEAD COUNTY PUBLIC HEALTH",
    "agencyAddress": "41 Barrett Street Dillon, MT 59725",
    "agencyTelephone": "(406) 683-4771",
    "clinic": "BEAVERHEAD CPH WIC",
    "clinicAddress": "41 Barrett Street Dillon, MT 59725",
    "clinicTelephone": "(406) 683-4771",
    "county": "BEAVERHEAD",
    "zip": "59725"
  },
  {
    "agency": "BEAVERHEAD COUNTY PUBLIC HEALTH",
    "agencyAddress": "41 Barrett Street Dillon, MT 59725",
    "agencyTelephone": "(406) 683-4771",
    "clinic": "SHERIDAN WIC CLINIC",
    "clinicAddress": "Ruby Valley Hospital 220 E. Crofoot Sheridan, MT 59749",
    "clinicTelephone": "(406) 683-4771",
    "county": "MADISON",
    "zip": "59749"
  },
  {
    "agency": "BIG HORN HEALTH DEPARTMENT",
    "agencyAddress": "809 N. Custer Ave Hardin, MT 59034",
    "agencyTelephone": "(406) 665-8726",
    "clinic": "HARDIN WIC (BIG HORN)",
    "clinicAddress": "809 N. Custer Ave Hardin, MT 59034",
    "clinicTelephone": "(406) 665-8726",
    "county": "BIG HORN",
    "zip": "59034"
  },
  {
    "agency": "BLACKFEET",
    "agencyAddress": "P. O. Box 2969 Browning, MT 59417",
    "agencyTelephone": "(406) 338-5321",
    "clinic": "BROWNING WIC",
    "clinicAddress": "#6 Old person Street, Browning, MT 59417",
    "clinicTelephone": "(406) 338-5321",
    "county": "GLACIER",
    "zip": "59417"
  },
  {
    "agency": "BUTTE-SILVER BOW",
    "agencyAddress": "25 West Front Street Butte, MT 59701",
    "agencyTelephone": "(406) 497-5060",
    "clinic": "BUTTE WIC",
    "clinicAddress": "25 W. Front Street Butte, MT 59701",
    "clinicTelephone": "(406) 497-5060",
    "county": "SILVER BOW",
    "zip": "59701"
  },
  {
    "agency": "CASCADE",
    "agencyAddress": "115 4th Street, South Great Falls, MT 59401",
    "agencyTelephone": "(406) 454-6953",
    "clinic": "CASCADE COUNTY WIC",
    "clinicAddress": "115 4th Street South Great Falls, MT 59401",
    "clinicTelephone": "(406) 454-6953",
    "county": "CASCADE",
    "zip": "59401"
  },
  {
    "agency": "CASCADE",
    "agencyAddress": "115 4th Street, South Great Falls, MT 59401",
    "agencyTelephone": "(406) 454-6953",
    "clinic": "MALMSTROM AFB WIC",
    "clinicAddress": "115 4th St So C/O Cascade Co Wic Great Falls, MT 59401",
    "clinicTelephone": "(406) 454-6953",
    "county": "CASCADE",
    "zip": "59401"
  },
  {
    "agency": "CROW",
    "agencyAddress": "Po Box 670 Crow agency, MT 59022",
    "agencyTelephone": "(406) 679-5398",
    "clinic": "CROW WIC",
    "clinicAddress": "129 Butchetche Ave. Crow Agency, MT 59022",
    "clinicTelephone": "(406) 679-5398",
    "county": "BIG HORN",
    "zip": "59022"
  },
  {
    "agency": "CROW",
    "agencyAddress": "Po Box 670 Crow agency, MT 59022",
    "agencyTelephone": "(406) 679-5398",
    "clinic": "LODGE GRASS WIC",
    "clinicAddress": "418 Harding Ave. Lodge Grass, MT 59050",
    "clinicTelephone": "(406) 639-2246",
    "county": "BIG HORN",
    "zip": "59050"
  },
  {
    "agency": "CUSTER ONE HEALTH",
    "agencyAddress": "515 Main St. Miles City, MT 59301",
    "agencyTelephone": "(406) 854-5050",
    "clinic": "ASHLAND WIC (ONE HEALTH)",
    "clinicAddress": "501 Main Hwy 12a Ashland, MT 59003",
    "clinicTelephone": "(406) 784-2346",
    "county": "ROSEBUD",
    "zip": "59003"
  },
  {
    "agency": "CUSTER ONE HEALTH",
    "agencyAddress": "515 Main St. Miles City, MT 59301",
    "agencyTelephone": "(406) 854-5050",
    "clinic": "BAKER WIC (ONE HEALTH)",
    "clinicAddress": "225 3rd St SW Baker, MT 59313",
    "clinicTelephone": "(406) 778-2824",
    "county": "FALLON",
    "zip": "59313"
  },
  {
    "agency": "CUSTER ONE HEALTH",
    "agencyAddress": "515 Main St. Miles City, MT 59301",
    "agencyTelephone": "(406) 854-5050",
    "clinic": "BROADUS WIC (ONE HEALTH)",
    "clinicAddress": "507 N Lincoln Ave Broadus, MT 59317",
    "clinicTelephone": "(406) 436-2297",
    "county": "POWDER RIVER",
    "zip": "59317"
  },
  {
    "agency": "CUSTER ONE HEALTH",
    "agencyAddress": "515 Main St. Miles City, MT 59301",
    "agencyTelephone": "(406) 854-5050",
    "clinic": "FORSYTH WIC (ONE HEALTH)",
    "clinicAddress": "383 N. 17th, Pob 268 Forsyth, MT 59327",
    "clinicTelephone": "(406) 346-4350",
    "county": "ROSEBUD",
    "zip": "59327"
  },
  {
    "agency": "CUSTER ONE HEALTH",
    "agencyAddress": "515 Main St. Miles City, MT 59301",
    "agencyTelephone": "(406) 854-5050",
    "clinic": "HYSHAM WIC (ONE HEALTH)",
    "clinicAddress": "405 Pioneer Ave. Hysham, MT 59038",
    "clinicTelephone": "(406) 342-5886",
    "county": "TREASURE",
    "zip": "59308"
  },
  {
    "agency": "CUSTER ONE HEALTH",
    "agencyAddress": "515 Main St. Miles City, MT 59301",
    "agencyTelephone": "(406) 854-5050",
    "clinic": "MILES CITY WIC (ONE HEALTH)",
    "clinicAddress": "2811 Comstock Miles City, MT 59301",
    "clinicTelephone": "(406) 854-5050",
    "county": "CUSTER",
    "zip": "59301"
  },
  {
    "agency": "DAWSON",
    "agencyAddress": "207 West Bell Glendive, MT 59330",
    "agencyTelephone": "(406) 377-5213",
    "clinic": "CIRCLE WIC",
    "clinicAddress": "605 Sullivan Circle, MT 59259",
    "clinicTelephone": "(406) 377-5213",
    "county": "MCCONE",
    "zip": "59259"
  },
  {
    "agency": "DAWSON",
    "agencyAddress": "207 West Bell Glendive, MT 59330",
    "agencyTelephone": "(406) 377-5213",
    "clinic": "GLENDIVE WIC",
    "clinicAddress": "Dawson Co. Health Dept -- 207 West Bell Glendive, MT 59330",
    "clinicTelephone": "(406) 377-5213",
    "county": "DAWSON",
    "zip": "59330"
  },
  {
    "agency": "DAWSON",
    "agencyAddress": "207 West Bell Glendive, MT 59330",
    "agencyTelephone": "(406) 377-5213",
    "clinic": "JORDAN WIC",
    "clinicAddress": "332 Leavitte Avenue Jordan, MT 59337",
    "clinicTelephone": "(406) 377-5213",
    "county": "GARFIELD",
    "zip": "59337"
  },
  {
    "agency": "DAWSON",
    "agencyAddress": "207 West Bell Glendive, MT 59330",
    "agencyTelephone": "(406) 377-5213",
    "clinic": "TERRY WIC",
    "clinicAddress": "Public Health Office --  203 South Logan Terry, MT 59349",
    "clinicTelephone": "(406) 377-5213",
    "county": "PRAIRIE",
    "zip": "59349"
  },
  {
    "agency": "DAWSON",
    "agencyAddress": "207 West Bell Glendive, MT 59330",
    "agencyTelephone": "(406) 377-5213",
    "clinic": "WIBAUX WIC",
    "clinicAddress": "Courthouse 203 Wibaux St S. Wibaux, MT 59353",
    "clinicTelephone": "(406) 377-5213",
    "county": "WIBAUX",
    "zip": "59353"
  },
  {
    "agency": "DEER LODGE",
    "agencyAddress": "Po Box 970 Anaconda, MT 59711",
    "agencyTelephone": "(406) 563-7862",
    "clinic": "ANACONDA WIC, SUITE 1E",
    "clinicAddress": "118 E 7th Street Anaconda, MT 59711",
    "clinicTelephone": "(406) 563-7863",
    "county": "DEER LODGE",
    "zip": "59711"
  },
  {
    "agency": "DEER LODGE",
    "agencyAddress": "Po Box 970 Anaconda, MT 59711",
    "agencyTelephone": "(406) 563-7862",
    "clinic": "DEER LODGE",
    "clinicAddress": "1100 Hollenback Lane Deer Lodge, MT 59722",
    "clinicTelephone": "(406) 563-7863",
    "county": "POWELL",
    "zip": "59722"
  },
  {
    "agency": "DEER LODGE",
    "agencyAddress": "Po Box 970 Anaconda, MT 59711",
    "agencyTelephone": "(406) 563-7862",
    "clinic": "DRUMMOND WIC",
    "clinicAddress": "212 E Front St. Drummond, MT 59832",
    "clinicTelephone": "(406) 563-7863",
    "county": "GRANITE",
    "zip": "59832"
  },
  {
    "agency": "DEER LODGE",
    "agencyAddress": "Po Box 970 Anaconda, MT 59711",
    "agencyTelephone": "(406) 563-7862",
    "clinic": "PHILIPSBURG WIC",
    "clinicAddress": "220 North Sansome, Po Box 399 Philipsburg, MT 59858",
    "clinicTelephone": "(406) 563-7863",
    "county": "GRANITE",
    "zip": "59858"
  },
  {
    "agency": "FERGUS/HRDC",
    "agencyAddress": "300 1st Avenue North Lewistown, MT 59457",
    "agencyTelephone": "(406) 535-7488",
    "clinic": "HARLOWTON WIC",
    "clinicAddress": "13 Central Ave South Harlowton, MT 59036",
    "clinicTelephone": "(406) 535-7488",
    "county": "WHEATLAND",
    "zip": "59036"
  },
  {
    "agency": "FERGUS/HRDC",
    "agencyAddress": "300 1st Avenue North Lewistown, MT 59457",
    "agencyTelephone": "(406) 535-7488",
    "clinic": "LEWISTOWN WIC",
    "clinicAddress": "Dist6 Hrdc 300 1st Avenue North Lewistown, MT 59457",
    "clinicTelephone": "(406) 535-7488",
    "county": "FERGUS",
    "zip": "59457"
  },
  {
    "agency": "FLATHEAD",
    "agencyAddress": "1035 1st Avenue West Kalispell, MT 59901",
    "agencyTelephone": "(406) 751-8170",
    "clinic": "COLUMBIA FALLS WIC",
    "clinicAddress": "501 6th Street West Columbia Falls, MT 59912",
    "clinicTelephone": "(406) 892-4811",
    "county": "FLATHEAD",
    "zip": "59912"
  },
  {
    "agency": "FLATHEAD",
    "agencyAddress": "1035 1st Avenue West Kalispell, MT 59901",
    "agencyTelephone": "(406) 751-8170",
    "clinic": "KALISPELL WIC",
    "clinicAddress": "1035 1st Avenue West Kalispell, MT 59901",
    "clinicTelephone": "(406) 751-8170",
    "county": "FLATHEAD",
    "zip": "59901"
  },
  {
    "agency": "FORT BELKNAP",
    "agencyAddress": "Rr1, Box 66 456 Gros Ventre Avenue Harlem, MT 59526",
    "agencyTelephone": "(406) 353-3157",
    "clinic": "HARLEM WIC",
    "clinicAddress": "656 Agency Main St. Harlem, MT 59526",
    "clinicTelephone": "(406) 353-3157",
    "county": "BLAINE",
    "zip": "59526"
  },
  {
    "agency": "FORT BELKNAP",
    "agencyAddress": "Rr1, Box 66 456 Gros Ventre Avenue Harlem, MT 59526",
    "agencyTelephone": "(406) 353-3157",
    "clinic": "HAYS WIC",
    "clinicAddress": "453 Pine Grove Rd, Hays, MT 59527",
    "clinicTelephone": "(406) 673-3777",
    "county": "BLAINE",
    "zip": "59527"
  },
  {
    "agency": "FORT PECK",
    "agencyAddress": "Po Box1027 Poplar, MT 59255",
    "agencyTelephone": "(406) 768-3491",
    "clinic": "POPLAR WIC",
    "clinicAddress": "107 H St. W, Poplar, MT 59255",
    "clinicTelephone": "(406) 768-2209",
    "county": "ROOSEVELT",
    "zip": "59255"
  },
  {
    "agency": "FORT PECK",
    "agencyAddress": "Po Box1027 Poplar, MT 59255",
    "agencyTelephone": "(406) 768-3491",
    "clinic": "WOLF POINT WIC",
    "clinicAddress": "550-6th Ave. N. Wolf Point, MT 59201",
    "clinicTelephone": "(406) 653-5622",
    "county": "ROOSEVELT",
    "zip": "59201"
  },
  {
    "agency": "GALLATIN",
    "agencyAddress": "215 W. Mendenhall, Rm 123 Bozeman, MT 59715",
    "agencyTelephone": "(406) 582-3115",
    "clinic": "BELGRADE WIC",
    "clinicAddress": "201 W Madison Building 2 Belgrade, MT 59714",
    "clinicTelephone": "(406) 539-7070",
    "county": "GALLATIN",
    "zip": "59714"
  },
  {
    "agency": "GALLATIN",
    "agencyAddress": "215 W. Mendenhall, Rm 123 Bozeman, MT 59715",
    "agencyTelephone": "(406) 582-3115",
    "clinic": "BOZEMAN WIC",
    "clinicAddress": "215 W. Mendenhall, Rm 123 Bozeman, MT 59715",
    "clinicTelephone": "(406) 582-3115",
    "county": "GALLATIN",
    "zip": "59715"
  },
  {
    "agency": "GALLATIN",
    "agencyAddress": "215 W. Mendenhall, Rm 123 Bozeman, MT 59715",
    "agencyTelephone": "(406) 582-3115",
    "clinic": "MSU WIC",
    "clinicAddress": "1218 S 15th Bozeman, MT 59715",
    "clinicTelephone": "(406) 539-7070",
    "county": "GALLATIN",
    "zip": "59715"
  },
  {
    "agency": "GALLATIN",
    "agencyAddress": "215 W. Mendenhall, Rm 123 Bozeman, MT 59715",
    "agencyTelephone": "(406) 582-3115",
    "clinic": "WEST YELLOWSTONE WIC",
    "clinicAddress": "10 South Geyser (Corner Of Geyser And Yellowstone) West Yellowstone, MT 59758",
    "clinicTelephone": "(406) 539-7070",
    "county": "GALLATIN",
    "zip": "59758"
  },
  {
    "agency": "HILL",
    "agencyAddress": "315 4th Street Havre, MT 59501",
    "agencyTelephone": "(406) 400-2421",
    "clinic": "CHESTER WIC",
    "clinicAddress": "315 W Madison Ave / Po Box 705 Chester, MT 59522",
    "clinicTelephone": "(406) 400-2421",
    "county": "LIBERTY",
    "zip": "59522"
  },
  {
    "agency": "HILL",
    "agencyAddress": "315 4th Street Havre, MT 59501",
    "agencyTelephone": "(406) 400-2421",
    "clinic": "CHINOOK WIC",
    "clinicAddress": "Courthouse Annex 420 Ohio Chinook, MT 59523",
    "clinicTelephone": "(406) 400-2421",
    "county": "BLAINE",
    "zip": "59523"
  },
  {
    "agency": "HILL",
    "agencyAddress": "315 4th Street Havre, MT 59501",
    "agencyTelephone": "(406) 400-2421",
    "clinic": "HAVRE WIC",
    "clinicAddress": "302 4th Avenue Havre, MT 59501",
    "clinicTelephone": "(406) 400-2421",
    "county": "HILL",
    "zip": "59501"
  },
  {
    "agency": "JEFFERSON COUNTY HEALTH DEPARTMENT",
    "agencyAddress": "214 South Main, Po Box 872 Boulder, MT 59632",
    "agencyTelephone": "(406) 225-4007",
    "clinic": "JEFFERSON COUNTY WIC",
    "clinicAddress": "214 South Main, Po Box 872 Boulder, MT 59632",
    "clinicTelephone": "(406) 225-4007",
    "county": "JEFFERSON",
    "zip": "59632"
  },
  {
    "agency": "JEFFERSON COUNTY HEALTH DEPARTMENT",
    "agencyAddress": "214 South Main, Po Box 872 Boulder, MT 59632",
    "agencyTelephone": "(406) 225-4007",
    "clinic": "WHITEHALL WIC",
    "clinicAddress": "11 E. Legion Whitehall, MT 59644",
    "clinicTelephone": "(406) 287-3249",
    "county": "BROADWATER",
    "zip": "59644"
  },
  {
    "agency": "LAKE",
    "agencyAddress": "802 Main Street Polson, MT 59860",
    "agencyTelephone": "(406) 883-7308",
    "clinic": "POLSON WIC",
    "clinicAddress": "802 Main Street, Ste B Polson, MT 59860",
    "clinicTelephone": "(406) 883-7307",
    "county": "LAKE",
    "zip": "59860"
  },
  {
    "agency": "LEWIS & CLARK",
    "agencyAddress": "1930 9th Avenue Suite 207 Helena, MT 59601",
    "agencyTelephone": "(406) 457-8912",
    "clinic": "BROADWATER WIC (L&C)",
    "clinicAddress": "110 North Oak Street Townsend, MT 59644",
    "clinicTelephone": "(406) 457-8958",
    "county": "BROADWATER",
    "zip": "59644"
  },
  {
    "agency": "LEWIS & CLARK",
    "agencyAddress": "1930 9th Avenue Suite 207 Helena, MT 59601",
    "agencyTelephone": "(406) 457-8912",
    "clinic": "HELENA WIC",
    "clinicAddress": "1930 9th Avenue Helena, MT 59601",
    "clinicTelephone": "(406) 457-8912",
    "county": "LEWIS AND CLARK",
    "zip": "59601"
  },
  {
    "agency": "LEWIS & CLARK",
    "agencyAddress": "1930 9th Avenue Suite 207 Helena, MT 59601",
    "agencyTelephone": "(406) 457-8912",
    "clinic": "WHITE SULPHUR SPRINGS WIC (L&C)",
    "clinicAddress": "16 West Main St. White Sulphur Springs, MT 59645",
    "clinicTelephone": "(406) 457-8900",
    "county": "MEAGHER",
    "zip": "59645"
  },
  {
    "agency": "LINCOLN",
    "agencyAddress": "320 E 2nd St Libby, MT 59923",
    "agencyTelephone": "(406) 283-6900",
    "clinic": "EUREKA WIC",
    "clinicAddress": "152 Mt 37 Eureka, MT 59917",
    "clinicTelephone": "(406) 297-7220",
    "county": "LINCOLN",
    "zip": "59917"
  },
  {
    "agency": "LINCOLN",
    "agencyAddress": "320 E 2nd St Libby, MT 59923",
    "agencyTelephone": "(406) 283-6900",
    "clinic": "LIBBY WIC",
    "clinicAddress": "320 E 2nd St Libby, MT 59923",
    "clinicTelephone": "(406) 283-6900",
    "county": "LINCOLN",
    "zip": "59923"
  },
  {
    "agency": "LINCOLN",
    "agencyAddress": "320 E 2nd St Libby, MT 59923",
    "agencyTelephone": "(406) 283-6900",
    "clinic": "TROY WIC",
    "clinicAddress": "102 Sandalwood Ct Troy, MT 59935",
    "clinicTelephone": "(406) 283-6900",
    "county": "LINCOLN",
    "zip": "59935"
  },
  {
    "agency": "MISSOULA",
    "agencyAddress": "301 West Alder Street Missoula, MT 59802",
    "agencyTelephone": "(406) 258-4740",
    "clinic": "LOLO WIC",
    "clinicAddress": "5475 Farm Lane Lolo, MT 59847",
    "clinicTelephone": "(406) 258-4740",
    "county": "MISSOULA",
    "zip": "59847"
  },
  {
    "agency": "MISSOULA",
    "agencyAddress": "301 West Alder Street Missoula, MT 59802",
    "agencyTelephone": "(406) 258-4740",
    "clinic": "MISSOULA FOOD BANK",
    "clinicAddress": "1720 Wyoming St Missoula, MT 59801",
    "clinicTelephone": "(406) 240-3849",
    "county": "MISSOULA",
    "zip": "59801"
  },
  {
    "agency": "MISSOULA",
    "agencyAddress": "301 West Alder Street Missoula, MT 59802",
    "agencyTelephone": "(406) 258-4740",
    "clinic": "MISSOULA WIC",
    "clinicAddress": "301 W. Alder Street Missoula, MT 59802",
    "clinicTelephone": "(406) 258-4740",
    "county": "MISSOULA",
    "zip": "59802"
  },
  {
    "agency": "MISSOULA",
    "agencyAddress": "301 West Alder Street Missoula, MT 59802",
    "agencyTelephone": "(406) 258-4740",
    "clinic": "SEELEY LAKE WIC",
    "clinicAddress": "3260 Hwy 83, Seeley Lake, MT 59868",
    "clinicTelephone": "(406) 258-4740",
    "county": "MISSOULA",
    "zip": "59868"
  },
  {
    "agency": "N. CHEYENNE",
    "agencyAddress": "P. O. Box 67 Lame Deer, MT 59043",
    "agencyTelephone": "(406) 477-4527",
    "clinic": "LAME DEER WIC",
    "clinicAddress": "100 Cheyenne Ave. Lame Deer, MT 59043",
    "clinicTelephone": "(406) 477-4527",
    "county": "ROSEBUD",
    "zip": "59043"
  },
  {
    "agency": "PARK COUNTY HEALTH DEPT",
    "agencyAddress": "414 E Callender St Livingston, MT 59047",
    "agencyTelephone": "(406) 222-4145",
    "clinic": "COMMUNITY HEALTH PARTNERS",
    "clinicAddress": "112 W Lewis Livingston, MT 59047",
    "clinicTelephone": "(406) 222-4145",
    "county": "PARK",
    "zip": "59047"
  },
  {
    "agency": "RAVALLI",
    "agencyAddress": "205 Bedford Suit P Hamilton, MT 59840",
    "agencyTelephone": "(406) 802-7180",
    "clinic": "DARBY WIC",
    "clinicAddress": "Darby Public Library -- 101 South Marshall Street Darby, MT 59829",
    "clinicTelephone": "(406) 802-7180",
    "county": "RAVALLI",
    "zip": "59829"
  },
  {
    "agency": "RAVALLI",
    "agencyAddress": "205 Bedford Suit P Hamilton, MT 59840",
    "agencyTelephone": "(406) 802-7180",
    "clinic": "HAMILTON WIC",
    "clinicAddress": "205 Bedford  Ste. P Hamilton, MT 59840",
    "clinicTelephone": "(406) 802-7180",
    "county": "RAVALLI",
    "zip": "59840"
  },
  {
    "agency": "RAVALLI",
    "agencyAddress": "205 Bedford Suit P Hamilton, MT 59840",
    "agencyTelephone": "(406) 802-7180",
    "clinic": "STEVENSVILLE WIC",
    "clinicAddress": "United Methodist Church 216 College Street Stevensville, MT 59870",
    "clinicTelephone": "(406) 802-7180",
    "county": "RAVALLI",
    "zip": "59870"
  },
  {
    "agency": "RAVALLI",
    "agencyAddress": "205 Bedford Suit P Hamilton, MT 59840",
    "agencyTelephone": "(406) 802-7180",
    "clinic": "VICTOR WIC",
    "clinicAddress": "Church Of Nazarene A Street Victor, MT 59875",
    "clinicTelephone": "(406) 802-7180",
    "county": "RAVALLI",
    "zip": "59875"
  },
  {
    "agency": "RIVERSTONE",
    "agencyAddress": "123 S. 27th Street Billings, MT 59107",
    "agencyTelephone": "(406) 247-3370",
    "clinic": "COLUMBUS WIC",
    "clinicAddress": "44 W. 4th Ave. N Columbus, MT 59019",
    "clinicTelephone": "(406) 322-4296",
    "county": "STILLWATER",
    "zip": "59019"
  },
  {
    "agency": "RIVERSTONE",
    "agencyAddress": "123 S. 27th Street Billings, MT 59107",
    "agencyTelephone": "(406) 247-3370",
    "clinic": "JOLIET WIC",
    "clinicAddress": "202 State St. Joliet, MT 59041",
    "clinicTelephone": "(406) 247-3370",
    "county": "CARBON",
    "zip": "59041"
  },
  {
    "agency": "RIVERSTONE",
    "agencyAddress": "123 S. 27th Street Billings, MT 59107",
    "agencyTelephone": "(406) 247-3370",
    "clinic": "LAUREL WIC",
    "clinicAddress": "319 1st Avenue North Laurel, MT 59044",
    "clinicTelephone": "(406) 861-4294",
    "county": "YELLOWSTONE",
    "zip": "59044"
  },
  {
    "agency": "RIVERSTONE",
    "agencyAddress": "123 S. 27th Street Billings, MT 59107",
    "agencyTelephone": "(406) 247-3370",
    "clinic": "RED LODGE WIC",
    "clinicAddress": "St Agnes Catholic Church, 1 N. Word Avenue Red Lodge, MT 59068",
    "clinicTelephone": "(406) 247-3370",
    "county": "CARBON",
    "zip": "59068"
  },
  {
    "agency": "RIVERSTONE",
    "agencyAddress": "123 S. 27th Street Billings, MT 59107",
    "agencyTelephone": "(406) 247-3370",
    "clinic": "RIVERSTONE WIC PROGRAM",
    "clinicAddress": "123 S. 27th Street Billings, MT 59101",
    "clinicTelephone": "(406) 247-3370",
    "county": "YELLOWSTONE",
    "zip": "59101"
  },
  {
    "agency": "RIVERSTONE",
    "agencyAddress": "123 S. 27th Street Billings, MT 59107",
    "agencyTelephone": "(406) 247-3370",
    "clinic": "ROUNDUP WIC",
    "clinicAddress": "704 1st Street East Roundup, MT 59072",
    "clinicTelephone": "(406) 861-4294",
    "county": "MUSSELSHELL",
    "zip": "59072"
  },
  {
    "agency": "RIVERSTONE",
    "agencyAddress": "123 S. 27th Street Billings, MT 59107",
    "agencyTelephone": "(406) 247-3370",
    "clinic": "YOUNG FAMILIES CLINIC",
    "clinicAddress": "1020 Cook Ave. Billings, MT 59102",
    "clinicTelephone": "(406) 861-4294",
    "county": "YELLOWSTONE",
    "zip": "59102"
  },
  {
    "agency": "ROCKY BOY",
    "agencyAddress": "Rocky Boy Route Po Box 664 Box Elder, MT 59521",
    "agencyTelephone": "(406) 395-4486",
    "clinic": "ROCKY BOY WIC",
    "clinicAddress": "Rr 1 Box 66 Box Elder, MT 59521",
    "clinicTelephone": "(406) 395-4486",
    "county": "HILL",
    "zip": "59521"
  },
  {
    "agency": "SALISH & KOOTENAI",
    "agencyAddress": "Tribal Health Dept Po Box 880 St. Ignatius, MT 59865",
    "agencyTelephone": "(406) 745-3525",
    "clinic": "ARLEE WIC",
    "clinicAddress": "Arlee Community Center Arlee, MT 59821",
    "clinicTelephone": "(406) 726-2302",
    "county": "LAKE",
    "zip": "59821"
  },
  {
    "agency": "SALISH & KOOTENAI",
    "agencyAddress": "Tribal Health Dept Po Box 880 St. Ignatius, MT 59865",
    "agencyTelephone": "(406) 745-3525",
    "clinic": "ELMO WIC",
    "clinicAddress": "33116 Highway 93 Elmo, MT 59915",
    "clinicTelephone": "(406) 849-5798",
    "county": "LAKE",
    "zip": "59915"
  },
  {
    "agency": "SALISH & KOOTENAI",
    "agencyAddress": "Tribal Health Dept Po Box 880 St. Ignatius, MT 59865",
    "agencyTelephone": "(406) 745-3525",
    "clinic": "HOT SPRINGS WIC (CSKT)",
    "clinicAddress": "208 Arlee St. S. Hot Springs, MT 59845",
    "clinicTelephone": "(406) 741-3266",
    "county": "SANDERS",
    "zip": "59845"
  },
  {
    "agency": "SALISH & KOOTENAI",
    "agencyAddress": "Tribal Health Dept Po Box 880 St. Ignatius, MT 59865",
    "agencyTelephone": "(406) 745-3525",
    "clinic": "RONAN WIC",
    "clinicAddress": "22 Round Butte Rd West Ronan, MT 59864",
    "clinicTelephone": "(406) 675-2700",
    "county": "LAKE",
    "zip": "59864"
  },
  {
    "agency": "SALISH & KOOTENAI",
    "agencyAddress": "Tribal Health Dept Po Box 880 St. Ignatius, MT 59865",
    "agencyTelephone": "(406) 745-3525",
    "clinic": "ST. IGNATIUS WIC",
    "clinicAddress": "880 Mission Drive St. Ignatius, MT 59865",
    "clinicTelephone": "(406) 745-3525",
    "county": "LAKE",
    "zip": "59865"
  },
  {
    "agency": "SANDERS",
    "agencyAddress": "Po Box 519 Thompson Falls, MT 59873",
    "agencyTelephone": "(406) 827-6931",
    "clinic": "HOT SPRINGS WIC",
    "clinicAddress": "214 Spring St. Hot Springs, MT 59845",
    "clinicTelephone": "(406) 827-6931",
    "county": "SANDERS",
    "zip": "59845"
  },
  {
    "agency": "SANDERS",
    "agencyAddress": "Po Box 519 Thompson Falls, MT 59873",
    "agencyTelephone": "(406) 827-6931",
    "clinic": "NOXON",
    "clinicAddress": "1419 Hwy 200, Noxon, MT 59853",
    "clinicTelephone": "(406) 827-6931",
    "county": "SANDERS",
    "zip": "59853"
  },
  {
    "agency": "SANDERS",
    "agencyAddress": "Po Box 519 Thompson Falls, MT 59873",
    "agencyTelephone": "(406) 827-6931",
    "clinic": "PLAINS WIC",
    "clinicAddress": "505 5th St. Plains, MT 59873 ",
    "clinicTelephone": "(406) 827-6931",
    "county": "SANDERS",
    "zip": "59873"
  },
  {
    "agency": "SANDERS",
    "agencyAddress": "Po Box 519 Thompson Falls, MT 59873",
    "agencyTelephone": "(406) 827-6931",
    "clinic": "SUPERIOR WIC",
    "clinicAddress": "1203 5th Ave East Superior, MT 59872",
    "clinicTelephone": "(406) 822-3564",
    "county": "MINERAL",
    "zip": "59872"
  },
  {
    "agency": "SANDERS",
    "agencyAddress": "Po Box 519 Thompson Falls, MT 59873",
    "agencyTelephone": "(406) 827-6931",
    "clinic": "THOMPSON FALLS",
    "clinicAddress": "1111  Main St. Room 120 Thompson Falls, MT 59873",
    "clinicTelephone": "(406) 827-6931",
    "county": "SANDERS",
    "zip": "59873"
  },
  {
    "agency": "SHERIDAN",
    "agencyAddress": "100 W. Laurel Plentywood, MT 59254",
    "agencyTelephone": "(406) 765-3473",
    "clinic": "PLENTYWOOD WIC",
    "clinicAddress": "100 W. Laurel Plentywood, MT 59254",
    "clinicTelephone": "(406) 765-3473",
    "county": "SHERIDAN",
    "zip": "59254"
  },
  {
    "agency": "SHERIDAN",
    "agencyAddress": "100 W. Laurel Plentywood, MT 59254",
    "agencyTelephone": "(406) 765-3473",
    "clinic": "RICHLAND COUNTY WIC",
    "clinicAddress": "1201 W. Holly #1 Sidney, MT 59270",
    "clinicTelephone": "(406) 433-2207",
    "county": "RICHLAND",
    "zip": "59270"
  },
  {
    "agency": "TETON",
    "agencyAddress": "905 4th Street, Nw Choteau, MT 59422",
    "agencyTelephone": "(406) 466-2562",
    "clinic": "AUGUSTA WIC",
    "clinicAddress": "132 Main Street Augusta, MT 59410",
    "clinicTelephone": "(406) 466-2562",
    "county": "LEWIS AND CLARK",
    "zip": "59410"
  },
  {
    "agency": "TETON",
    "agencyAddress": "905 4th Street, Nw Choteau, MT 59422",
    "agencyTelephone": "(406) 466-2562",
    "clinic": "CHOTEAU WIC",
    "clinicAddress": "905 4th Street Nw Choteau, MT 59422",
    "clinicTelephone": "(406) 466-2562",
    "county": "TETON",
    "zip": "59422"
  },
  {
    "agency": "TETON",
    "agencyAddress": "905 4th Street, Nw Choteau, MT 59422",
    "agencyTelephone": "(406) 466-2562",
    "clinic": "CONRAD WIC",
    "clinicAddress": "One 4th Ave Se Conrad, MT 59425",
    "clinicTelephone": "(406) 271-2007",
    "county": "PONDERA",
    "zip": "59425"
  },
  {
    "agency": "TETON",
    "agencyAddress": "905 4th Street, Nw Choteau, MT 59422",
    "agencyTelephone": "(406) 466-2562",
    "clinic": "CUT BANK WIC",
    "clinicAddress": "1210 E. Main Cut Bank, MT 59427",
    "clinicTelephone": "(406) 873-2969",
    "county": "GLACIER",
    "zip": "59427"
  },
  {
    "agency": "TETON",
    "agencyAddress": "905 4th Street, Nw Choteau, MT 59422",
    "agencyTelephone": "(406) 466-2562",
    "clinic": "FAIRFIELD WIC",
    "clinicAddress": "201 1st Ave North, Fairfield Fairfield, MT 59436",
    "clinicTelephone": "(406) 466-2562",
    "county": "TETON",
    "zip": "59436"
  },
  {
    "agency": "TETON",
    "agencyAddress": "905 4th Street, Nw Choteau, MT 59422",
    "agencyTelephone": "(406) 466-2562",
    "clinic": "FT. BENTON WIC",
    "clinicAddress": "1020 13th Street Po Box 459 Fort Benton, MT 59442",
    "clinicTelephone": "(406) 622-3771",
    "county": "CHOUTEAU",
    "zip": "59442"
  },
  {
    "agency": "TETON",
    "agencyAddress": "905 4th Street, Nw Choteau, MT 59422",
    "agencyTelephone": "(406) 466-2562",
    "clinic": "SHELBY WIC - TOOLE COUNTY HEALTH DEPARTMENT",
    "clinicAddress": "402 1st Street S. Shelby, MT 59474",
    "clinicTelephone": "(406) 424-5169",
    "county": "TOOLE",
    "zip": "59474"
  },
  {
    "agency": "VALLEY",
    "agencyAddress": "Frances Mahon Deaconess Hospital 621 3rd Street, S Glasgow, MT 59230",
    "agencyTelephone": "(406) 228-3626",
    "clinic": "GLASGOW WIC",
    "clinicAddress": "621-3rd St. S Glasgow, MT 59230",
    "clinicTelephone": "(406) 228-3626",
    "county": "VALLEY",
    "zip": "59230"
  },
  {
    "agency": "VALLEY",
    "agencyAddress": "Frances Mahon Deaconess Hospital 621 3rd Street, S Glasgow, MT 59230",
    "agencyTelephone": "(406) 228-3626",
    "clinic": "MALTA WIC",
    "clinicAddress": "311 S 8th Ave East Malta, MT 59538",
    "clinicTelephone": "(406) 654-1380",
    "county": "PHILLIPS",
    "zip": "59538"
  }
]
